subject_id,test_metric
1,77.94572
2,18.71664
3,55.67686
4,110.88615
5,64.1457
6,31.05339
7,108.5791
8,93.09469
9,126.49543
10,84.58361
11,198.29117
12,17.33936
13,19.83749
14,93.7521
15,58.46481
16,14.32238
17,91.98906
18,74.31399
19,15.17747
20,99.86388
21,10.95262
22,36.38899
23,58.37603
24,14.61498
25,10.14253
26,34.85676
27,50.45742
28,30.06861
29,11.09513
30,10.96662
